,WT,WT,WT,WT,WT,C9,C9,C9,C9,C9
Centre time (s),70.504520433318,92.4967711190586,33.6351806774233,185.640366291845,117.723161478355,84.087961396016,309.184924848837,163.001291552377,,