,WT,WT,WT,WT,WT,C9,C9,C9,C9,C9
dist (cm),105.243622626291,88.88962082377,96.9568373288687,101.633048067846,107.276871153224,92.675046048417,106.933802180667,112.063161609915,,